{
  "cv_accuracy_mean": 1.0,
  "cv_accuracy_std": 0.0,
  "cv_scores": [
    1.0,
    1.0,
    1.0,
    1.0,
    1.0
  ],
  "n_features": 20,
  "feature_names": [
    "FSR",
    "TDNorm_avg_PE",
    "overall_avg_PE",
    "TDnorm_concept_learning",
    "overall_concept_learning",
    "word_count",
    "sentence_count",
    "char_count",
    "avg_word_length",
    "avg_sentence_length",
    "shortness_score",
    "lexical_diversity",
    "sentiment_polarity",
    "sentiment_subjectivity",
    "positive_word_count",
    "negative_word_count",
    "positive_word_ratio",
    "negative_word_ratio",
    "flesch_reading_ease",
    "flesch_kincaid_grade"
  ]
}