{
  "cv_accuracy_mean": 0.8125,
  "cv_accuracy_std": 0.02795084971874737,
  "cv_scores": [
    0.796875,
    0.78125,
    0.828125,
    0.859375,
    0.796875
  ],
  "n_features": 19,
  "feature_names": [
    "TDNorm_avg_PE",
    "overall_avg_PE",
    "TDnorm_concept_learning",
    "overall_concept_learning",
    "word_count",
    "sentence_count",
    "char_count",
    "avg_word_length",
    "avg_sentence_length",
    "shortness_score",
    "lexical_diversity",
    "sentiment_polarity",
    "sentiment_subjectivity",
    "positive_word_count",
    "negative_word_count",
    "positive_word_ratio",
    "negative_word_ratio",
    "flesch_reading_ease",
    "flesch_kincaid_grade"
  ]
}