{
  "cv_accuracy_mean": 0.843939393939394,
  "cv_accuracy_std": 0.02562353715952693,
  "cv_scores": [
    0.7954545454545454,
    0.8560606060606061,
    0.8484848484848485,
    0.8712121212121212,
    0.8484848484848485
  ],
  "n_features": 20,
  "feature_names": [
    "FSR",
    "TDNorm_avg_PE",
    "overall_avg_PE",
    "TDnorm_concept_learning",
    "overall_concept_learning",
    "word_count",
    "sentence_count",
    "char_count",
    "avg_word_length",
    "avg_sentence_length",
    "shortness_score",
    "lexical_diversity",
    "sentiment_polarity",
    "sentiment_subjectivity",
    "positive_word_count",
    "negative_word_count",
    "positive_word_ratio",
    "negative_word_ratio",
    "flesch_reading_ease",
    "flesch_kincaid_grade"
  ]
}