{"Clustering": {"KMIN": 2, "KMAX": 12, "ITERATIONS": 1000, "ASD_ONLY": true}, "Preprocessing": {"CORR_THRESH": 0.7, "USE_NLP": true, "HIGH_CORR_FEATS": ["SRS.Raw", "avg_sentence_length", "BIS", "lexical_diversity", "overall_avg_PE", "flesch_kincaid_grade", "char_count"], "SELECTED_FEATURES": ["FSR", "TDNorm_avg_PE", "TDnorm_concept_learning", "overall_concept_learning", "word_count", "sentence_count", "avg_word_length", "shortness_score", "sentiment_polarity", "sentiment_subjectivity", "positive_word_count", "negative_word_count", "positive_word_ratio", "negative_word_ratio", "flesch_reading_ease"]}}